{"Algorithm": {}, "train_loss": 0.004621708765625954, "Episodes": {}, "TrainReward": -1691.278648, "l": 200.0, "t": 199.04838, "TestReward": -1242.347238510721, "_runtime": 219, "_timestamp": 1643806029, "_step": 6250}