{"Algorithm": {}, "train_loss": 0.16005468368530273, "Episodes": {}, "TrainReward": -1091.523892, "l": 200.0, "t": 22.905297, "TestReward": -1323.7114160365115, "_runtime": 67, "_timestamp": 1643801239, "_step": 450}