{"Algorithm": {}, "train_loss": 0.016159439459443092, "Episodes": {}, "TrainReward": -1676.706355, "l": 200.0, "t": 77.459938, "TestReward": -1371.227813263734, "_runtime": 122, "_timestamp": 1643800573, "_step": 1250}