{"Algorithm": {}, "train_loss": 0.022626006975769997, "Episodes": {}, "TrainReward": -1515.467609, "l": 200.0, "t": 600.327223, "TestReward": -1418.7885995805264, "_runtime": 640, "_timestamp": 1643803830, "_step": 9750}