{"Algorithm": {}, "train_loss": 0.33385464549064636, "Episodes": {}, "TrainReward": -1367.094085, "l": 200.0, "t": 24.991173, "TestReward": -1347.924853861332, "_runtime": 74, "_timestamp": 1643801029, "_step": 450}