{"Algorithm": {}, "train_loss": 0.006247991230338812, "Episodes": {}, "TrainReward": -1381.113637, "l": 200.0, "t": 102.537997, "TestReward": -1337.6450299955904, "_runtime": 124, "_timestamp": 1643799661, "_step": 5250}