{"Algorithm": {}, "train_loss": 0.3642374277114868, "Episodes": {}, "TrainReward": -1381.030092, "l": 200.0, "t": 177.35105, "TestReward": -1415.2914797961712, "_runtime": 208, "_timestamp": 1643799983, "_step": 5250}