{"Algorithm": {}, "train_loss": 0.01552114449441433, "Episodes": {}, "TrainReward": -1426.778782, "l": 200.0, "t": 29.255949, "TestReward": -1369.012706483404, "_runtime": 79, "_timestamp": 1643800849, "_step": 450}