{"Algorithm": {}, "train_loss": 0.005116819869726896, "Episodes": {}, "TrainReward": -1089.981491, "l": 200.0, "t": 268.3228395, "TestReward": -1223.713182200988, "_runtime": 287, "_timestamp": 1643802302, "_step": 7000}