{"Algorithm": {}, "train_loss": 0.006594252306967974, "Episodes": {}, "TrainReward": -1624.907749, "l": 200.0, "t": 443.928626, "TestReward": -1524.6031766881545, "_runtime": 477, "_timestamp": 1643804809, "_step": 8500}