{"Algorithm": {}, "train_loss": 0.07293139398097992, "Episodes": {}, "TrainReward": -992.948609, "l": 200.0, "t": 24.990922, "TestReward": -1227.8886868658785, "_runtime": 43, "_timestamp": 1643801995, "_step": 700}