{"Algorithm": {}, "train_loss": 0.03688666969537735, "Episodes": {}, "TrainReward": -1336.155174, "l": 200.0, "t": 101.998782, "TestReward": -1241.5703015724819, "_runtime": 187, "_timestamp": 1643799365, "_step": 5250}