{"Algorithm": {}, "train_loss": 0.0060510896146297455, "Episodes": {}, "TrainReward": -1823.095311, "l": 200.0, "t": 544.954988, "TestReward": -1146.3830959189993, "_runtime": 579, "_timestamp": 1643805571, "_step": 9250}