{"Algorithm": {}, "train_loss": 0.222007155418396, "Episodes": {}, "TrainReward": -1396.212546, "l": 200.0, "t": 225.4617505, "TestReward": -1458.2707580092053, "_runtime": 246, "_timestamp": 1643801751, "_step": 3200}