{"Algorithm": {}, "train_loss": 0.16307395696640015, "Episodes": {}, "TrainReward": -124.259628, "l": 200.0, "t": 318.665347, "TestReward": -254.0345495363393, "_runtime": 345, "_timestamp": 1643802741, "_step": 7500}